{
  "ar": {
    "page_title": "شركة الشمس للتصدير والاستيراد - شريككم الموثوق في الاستيراد والتصدير لجميع البلدان",
    "page_description": "شركة الشمس للتصدير والاستيراد - شريككم الموثوق في الاستيراد والتصدير لجميع البلدان. خبرة طويلة وجودة عالية في الخدمة.",

    "nav_home": "الرئيسية",
    "nav_about": "الشركة",
    "nav_products": "المنتجات",
    "nav_services": "الخدمات",
    "nav_administration": "الاداره",
    "nav_contact": "اتصل بنا",
    
    "hero_title": "مرحباً بكم في شركة الشمس",
    "hero_subtitle": "شريككم الموثوق في الاستيراد والتصدير لجميع البلدان",
    "hero_discover": "اكتشف خدماتنا",
    "hero_contact": "تواصل معنا",
    "company_subtitle": "للتصدير والاستيراد",
    
    "features_title": "لماذا تختار شركة الشمس؟",
    "features_subtitle": "نتميز بخبرة طويلة في مجال استيراد وتصدير المنتجات الزراعية ونعمل على توفير مجموعة من المنتجات عالية الجودة التي تلبي احتياجات السوق",
    "feature1_title": "شبكة واسعة",
    "feature1_desc": "نتعاون مع أفضل الموردين في جميع أنحاء العالم",
    "feature2_title": "جودة عالية",
    "feature2_desc": "نقدم منتجات عالية الجودة تلبي المعايير الدولية",
    "feature3_title": "خدمة متميزة",
    "feature3_desc": "نحرص على توفير خدمة عملاء مميزة وحلول مرنة",
    "feature4_title": "خبرة طويلة",
    "feature4_desc": "سنوات من الخبرة في مجال الاستيراد والتصدير",
    
    "about_title": "نبذة عن الشركة",
    "about_text1": "تأسست شركة الشمس للتصدير والاستيراد لتعمل في مجال استيراد وتصدير الحاصلات الزراعية والسلع الأساسية، وقد أصبحت تمتلك أقوى فريق عمل ينتقي المحاصيل ذات الجودة العالية ويقوم بفرزها وتنقيتها وتصديرها لكل بلدان العالم مثل العراق ورومانيا وتركيا وإسبانيا وغيرها.",
    "about_text2": "نسعى للتوسع في هذا المجال وتقديم أفضل الخدمات لعملائنا، مع الحرص على تقديم أسعار مناسبة تناسب جميع أنواع الأسواق والحفاظ على أعلى معايير الجودة.",
    "about_cta": "تواصل معنا الآن",
    
    "products_title": "منتجاتنا",
    "products_subtitle": "نقدم مجموعة متنوعة من المنتجات الزراعية عالية الجودة التي تلبي احتياجات السوق المحلي والدولي",

    "product2_name": "ذره فشار",
    "product2_desc": "ذره فشار عالية الجودة للاستخدامات المتعددة",
    "product2_full_desc": "ذره فشار عالية الجودة للاستخدامات المتعددة في الصناعات الغذائية والعلفية",
    "product2_category": "بذور",
    "product2_type": "بذور",

    "product3_name": "الأرز",
    "product3_desc": "أرز طويل الحبة عالي الجودة",
    "product3_full_desc": "أرز طويل الحبة عالي الجودة من أفضل المزارع المختارة",
    "product3_category": "غذاء أساسي",
    "product3_type": "حبوب",

    "product4_name": "الشعير",
    "product4_desc": "شعير عالي الجودة للاستخدامات المتعددة",
    "product4_full_desc": "شعير عالي الجودة للاستخدامات المتعددة في الصناعات الغذائية والعلفية",
    "product4_category": "علف وغذاء",
    "product4_type": "حبوب",

    "product5_name": "فول الصويا",
    "product5_desc": "فول صويا عالي البروتين",
    "product5_full_desc": "فول صويا عالي البروتين من أفضل المصادر العالمية",
    "product5_category": "بروتين نباتي",
    "product5_type": "بقوليات",

    "product6_name": "عباد الشمس",
    "product6_desc": "بذور عباد الشمس عالية الجودة",
    "product6_full_desc": "بذور عباد الشمس عالية الجودة للاستخدامات الصناعية والغذائية",
    "product6_category": "بذور زيتية",
    "product6_type": "بذور",

    "features_label": "المميزات:",
    "specifications_label": "المواصفات:",
    "uses_label": "الاستخدامات:",
    
    "services_title": "خدماتنا",
    "services_subtitle": "نقدم مجموعة شاملة من الخدمات المتخصصة في مجال الاستيراد والتصدير لضمان نجاح أعمالكم التجارية",
    "service1_title": "استشارات الاستيراد والتصدير",
    "service1_desc": "نقدم استشارات متخصصة في مجال الاستيراد والتصدير لمساعدتكم في اتخاذ القرارات الصحيحة",
    "service2_title": "عروض الأسعار",
    "service2_desc": "نوفر عروض أسعار تنافسية ومدروسة لجميع منتجاتنا وخدماتنا",
    "service3_title": "استيراد الآلات",
    "service3_desc": "نتخصص في استيراد الآلات والمعدات الزراعية عالية الجودة",
    "service4_title": "الاستشارات التجارية",
    "service4_desc": "نقدم استشارات تجارية شاملة لتطوير أعمالكم",
    "service5_title": "حجز المساحات",
    "service5_desc": "نوفر خدمات حجز المساحات والمستودعات للتخزين",
    "service3_title_alt": "استيراد الماكينات",
    "service3_desc_alt": "متخصصون في استيراد الماكينات وخطوط الإنتاج من أفضل المصادر العالمية مع ضمان الجودة والكفاءة",
    "service4_title_alt": "التسويق الدولي",
    "service4_desc_alt": "خدمات التسويق الدولية لمساعدتك في تسويق منتجاتك عالمياً وتوسيع نطاق أعمالك التجارية",
    "service5_title_alt": "استشارات الشحن",
    "service5_desc_alt": "نقدم استشارات متخصصة في مجال الشحن والنقل الدولي لضمان وصول بضائعكم بأمان",
    
    "admin_title": "الإدارة",
    "admin_team": "فريق العمل",
    "admin_team_desc": "فريق متخصص من الخبراء في مجال الاستيراد والتصدير",
    "admin_management": "إدارة الشركة",
    "admin_management_desc": "إدارة محترفة تضمن سير العمل بكفاءة عالية",
    "admin_ceo": "المدير العام",
    "admin_ceo_name": "أحمد عبدالفتاح متولي",
    "admin_ceo_desc": "قيادة حكيمة وخبرة طويلة في إدارة الأعمال",
    "admin_values": "قيمنا",
    "admin_values_desc": "قيم أساسية تحكم عملنا وتوجه قراراتنا",
    
    "stats_experience": "سنة خبرة",
    "stats_clients": "عميل راضي",
    "stats_countries": "دولة نصدر إليها",
    
    "values_title": "قيمنا الأساسية",
    "value1_title": "الجودة",
    "value1_desc": "التزامنا بمعايير الجودة والتميز في كل خطوة",
    "value2_title": "الشفافية",
    "value2_desc": "نؤمن بالتعامل بشفافية مع عملائنا وشركائنا",
    "value3_title": "الابتكار",
    "value3_desc": "نسعى دائماً لتقديم حلول جديدة ومبتكرة",
    
    "contact_title": "تواصل معنا",
    "contact_subtitle": "نحن هنا لخدمتكم ومساعدتكم في جميع احتياجاتكم التجارية. تواصلوا معنا للحصول على استشارة مجانية وعرض سعر مخصص",
    "contact_phone": "اتصل بنا",
    "contact_email": "راسلنا",
    "contact_location": "زورنا",
    "contact_send": "أرسل رسالة",
    
    "learn_more": "اعرف المزيد",
    "get_quote": "اطلب عرض سعر",
    "start_now": "ابدأ الآن",
    "consult_experts": "استشر خبرائنا",
    "book_space": "احجز مساحتك",
    
    "lang_toggle": "English"
  },
  "en": {
    "page_title": "Sun Import & Export Company - Your Trusted Partner in Wheat and Essential Commodities Trading",
    "page_description": "Sun Import & Export Company - Your trusted partner in importing and exporting wheat, grains and essential commodities. Long experience and high quality service.",

    "nav_home": "Home",
    "nav_about": "About",
    "nav_products": "Products",
    "nav_services": "Services",
    "nav_administration": "Administration",
    "nav_contact": "Contact Us",
    
    "hero_title": "Welcome to Sun Trading Company",
    "hero_subtitle": "Your trusted partner in wheat and essential commodities trading",
    "hero_discover": "Discover Our Services",
    "hero_contact": "Contact Us",
    "company_subtitle": "Import & Export",
    
    "features_title": "Why Choose Sun Company?",
    "features_subtitle": "We excel with extensive experience in importing and exporting agricultural products and work to provide high-quality products that meet market needs",
    "feature1_title": "Wide Network",
    "feature1_desc": "We collaborate with the best suppliers worldwide",
    "feature2_title": "High Quality",
    "feature2_desc": "We provide high-quality products that meet international standards",
    "feature3_title": "Excellent Service",
    "feature3_desc": "We ensure outstanding customer service and flexible solutions",
    "feature4_title": "Long Experience",
    "feature4_desc": "Years of experience in import and export",
    
    "about_title": "About Our Company",
    "about_text1": "Sun Import and Export Company was established to work in the field of importing and exporting agricultural crops and basic commodities. It has become the owner of the strongest work team that selects high-quality crops, sorts, purifies and exports them to all countries of the world such as Iraq, Romania, Turkey, Spain and others.",
    "about_text2": "We seek to expand in this field and provide the best services to our customers, while ensuring competitive prices suitable for all types of markets and maintaining the highest quality standards.",
    "about_cta": "Contact Us Now",
    
    "products_title": "Our Products",
    "products_subtitle": "We offer a diverse range of high-quality agricultural products that meet local and international market needs",

    "product1_name": "Wheat",
    "product1_desc": "High-quality wheat from the best global sources",
    "product1_full_desc": "High-quality wheat from the best global sources, characterized by high purity and excellent nutritional content",
    "product1_category": "Essential Product",
    "product1_type": "Grains",

    "product2_name": "Corn",
    "product2_desc": "High-quality yellow corn for multiple uses",
    "product2_full_desc": "High-quality yellow corn for multiple uses in food and feed industries",
    "product2_category": "Feed & Food",
    "product2_type": "Grains",

    "product3_name": "Rice",
    "product3_desc": "High-quality long grain rice",
    "product3_full_desc": "High-quality long grain rice from the finest selected farms",
    "product3_category": "Essential Food",
    "product3_type": "Grains",

    "product4_name": "Barley",
    "product4_desc": "High-quality barley for multiple uses",
    "product4_full_desc": "High-quality barley for multiple uses in food and feed industries",
    "product4_category": "Feed & Food",
    "product4_type": "Grains",

    "product5_name": "Soybeans",
    "product5_desc": "High-protein soybeans",
    "product5_full_desc": "High-protein soybeans from the best global sources",
    "product5_category": "Plant Protein",
    "product5_type": "Legumes",

    "product6_name": "Sunflower",
    "product6_desc": "High-quality sunflower seeds",
    "product6_full_desc": "High-quality sunflower seeds for industrial and food uses",
    "product6_category": "Oil Seeds",
    "product6_type": "Seeds",

    "features_label": "Features:",
    "specifications_label": "Specifications:",
    "uses_label": "Uses:",
    
    "services_title": "Our Services",
    "services_subtitle": "We provide a comprehensive range of specialized services in import and export to ensure the success of your business",
    "service1_title": "Import/Export Consulting",
    "service1_desc": "We provide specialized consulting in import and export to help you make the right decisions",
    "service2_title": "Price Quotations",
    "service2_desc": "We provide competitive and well-studied price quotes for all our products and services",
    "service3_title": "Machinery Import",
    "service3_desc": "We specialize in importing high-quality agricultural machinery and equipment",
    "service4_title": "Business Consulting",
    "service4_desc": "We provide comprehensive business consulting to develop your business",
    "service5_title": "Space Booking",
    "service5_desc": "We provide space and warehouse booking services for storage",
    "service3_title_alt": "Machinery Import",
    "service3_desc_alt": "Specialists in importing machinery and production lines from the best global sources with quality and efficiency guarantee",
    "service4_title_alt": "International Marketing",
    "service4_desc_alt": "International marketing services to help you market your products globally and expand your business scope",
    "service5_title_alt": "Shipping Consulting",
    "service5_desc_alt": "We provide specialized consulting in shipping and international transport to ensure your goods arrive safely",
    
    "admin_title": "Administration",
    "admin_team": "Work Team",
    "admin_team_desc": "A specialized team of experts in import and export",
    "admin_management": "Company Management",
    "admin_management_desc": "Professional management ensuring efficient workflow",
    "admin_ceo": "General Manager",
    "admin_ceo_name": "Ahmed Abdel Fattah Metwally",
    "admin_ceo_desc": "Wise leadership and extensive experience in business management",
    "admin_values": "Our Values",
    "admin_values_desc": "Core values that govern our work and guide our decisions",
    
    "stats_experience": "Years Experience",
    "stats_clients": "Satisfied Clients",
    "stats_countries": "Export Countries",
    
    "values_title": "Our Core Values",
    "value1_title": "Quality",
    "value1_desc": "Our commitment to quality standards and excellence in every step",
    "value2_title": "Transparency",
    "value2_desc": "We believe in dealing transparently with our clients and partners",
    "value3_title": "Innovation",
    "value3_desc": "We always strive to provide new and innovative solutions",
    
    "contact_title": "Contact Us",
    "contact_subtitle": "We are here to serve you and help you with all your business needs. Contact us for a free consultation and custom quote",
    "contact_phone": "Call Us",
    "contact_email": "Email Us",
    "contact_location": "Visit Us",
    "contact_send": "Send Message",
    
    "learn_more": "Learn More",
    "get_quote": "Get Quote",
    "start_now": "Start Now",
    "consult_experts": "Consult Our Experts",
    "book_space": "Book Your Space",
    
    "lang_toggle": "العربية"
  }
}
